staff id,name,chances
1,James1,1
2,Jon2,5
3,David3,1
4,Jack4,5
5,James2,1
6,Jon3,5
7,David4,1
8,Jack5,5
9,James3,1
10,Jon4,5
11,David5,1
12,Jack6,5
13,James4,1
14,Jon5,5
15,David6,1
16,Jack7,5
17,James5,1
18,Jon6,5
19,David7,1
20,Jack8,5
21,James6,1
22,Jon7,5
23,David8,1
24,Jack9,5
25,James7,3
26,Jon8,3
27,David9,3
28,Jack10,3
29,James8,3
30,Jon9,3
31,David10,3
32,Jack11,3
33,James9,3
34,Jon10,3
35,David11,3
36,Jack12,3
37,James10,4
38,Jon11,4
39,David12,4
40,Jack13,4
41,James11,4
42,Jon12,4
43,David13,4
44,Jack14,4
45,James12,4
46,Jon13,4
47,David14,4
48,Jack15,4
49,James13,4
50,Jon14,4
51,David15,4
52,Jack16,4
53,James14,4
54,Jon15,4
55,David16,4
56,Jack17,4
57,James15,4
58,Jon16,4
59,David17,4
60,Jack18,4
61,James16,4
62,Jon17,4
63,David18,4
64,Jack19,4
65,James17,4
66,Jon18,4
67,David19,4
68,Jack20,4
69,James18,4
70,Jon19,4
71,David20,4
72,Jack21,4
73,James19,4
74,Jon20,4
75,David21,4
76,Jack22,4
77,James20,4
78,Jon21,4
79,David22,4
80,Jack23,4
81,James21,4
82,Jon22,4
83,David23,4
84,Jack24,4
85,James22,5
86,Jon23,5
87,David24,5
88,Jack25,5
89,James23,5
90,Jon24,5
91,David25,5
92,Jack26,5
93,James24,5
94,Jon25,5
95,David26,5
96,Jack27,5
97,James25,5
98,Jon26,5
99,David27,5
100,Jack28,5
101,James26,5
102,Jon27,5
103,David28,5
104,Jack29,5
105,James27,5
106,Jon28,5
107,David29,5
108,Jack30,5
109,James28,5
110,Jon29,5
111,David30,5
112,Jack31,5
113,James29,5
114,Jon30,5
115,David31,5
116,Jack32,5
117,James30,5
118,Jon31,5
119,David32,5
120,Jack33,5
121,James31,5
122,Jon32,5
123,David33,5
124,Jack34,5
125,James32,5
126,Jon33,5
127,David34,5
128,Jack35,5
129,James33,5
130,Jon34,5
131,David35,5
132,Jack36,5
133,James34,6
134,Jon35,6
135,David36,6
136,Jack37,6
137,James35,6
138,Jon36,6
139,David37,6
140,Jack38,6
141,James36,6
142,Jon37,6
143,David38,6
144,Jack39,6
145,James37,6
146,Jon38,6
147,David39,6
148,Jack40,6
149,James38,6
150,Jon39,6
151,David40,6
152,Jack41,6
153,James39,6
154,Jon40,6
155,David41,6
156,Jack42,6
157,James40,6
158,Jon41,6
159,David42,6
160,Jack43,6
161,James41,6
162,Jon42,6
163,David43,6
164,Jack44,6
165,James42,6
166,Jon43,6
167,David44,6
168,Jack45,6
169,James43,6
170,Jon44,6
171,David45,6
172,Jack46,6
173,James44,6
174,Jon45,6
175,David46,6
176,Jack47,6
177,James45,6
178,Jon46,6
179,David47,6
180,Jack48,6
181,James46,7
182,Jon47,7
183,David48,7
184,Jack49,7
185,James47,7
186,Jon48,7
187,David49,7
188,Jack50,7
189,James48,7
190,Jon49,7
191,David50,7
192,Jack51,7
193,James49,7
194,Jon50,7
195,David51,7
196,Jack52,7
197,James50,7
198,Jon51,7
199,David52,7
200,Jack53,7
201,James51,7
202,Jon52,7
203,David53,7
204,Jack54,7
205,James52,7
206,Jon53,7
207,David54,7
208,Jack55,7
209,James53,7
210,Jon54,7
211,David55,7
212,Jack56,7
213,James54,7
214,Jon55,7
215,David56,7
216,Jack57,7
217,James55,7
218,Jon56,7
219,David57,7
220,Jack58,7
221,James56,7
222,Jon57,7
223,David58,7
224,Jack59,7
225,James57,7
226,Jon58,7
227,David59,7
228,Jack60,7
229,James58,8
230,Jon59,8
231,David60,8
232,Jack61,8
233,James59,8
234,Jon60,8
235,David61,8
236,Jack62,8
237,James60,8
238,Jon61,8
239,David62,8
240,Jack63,8
241,James61,8
242,Jon62,8
243,David63,8
244,Jack64,8
245,James62,8
246,Jon63,8
247,David64,8
248,Jack65,8
249,James63,8
250,Jon64,8
251,David65,8
252,Jack66,8
253,James64,8
254,Jon65,8
255,David66,8
256,Jack67,8
257,James65,8
258,Jon66,8
259,David67,8
260,Jack68,8
261,James66,8
262,Jon67,8
263,David68,8
264,Jack69,8
265,James67,8
266,Jon68,8
267,David69,8
268,Jack70,8
269,James68,8
270,Jon69,8
271,David70,8
272,Jack71,8
273,James69,8
274,Jon70,8
275,David71,8
276,Jack72,8
277,James70,9
278,Jon71,9
279,David72,9
280,Jack73,9
281,James71,9
282,Jon72,9
283,David73,9
284,Jack74,9
285,James72,9
286,Jon73,9
287,David74,9
288,Jack75,9
289,James73,9
290,Jon74,9
291,David75,9
292,Jack76,9
293,James74,9
294,Jon75,9
295,David76,9
296,Jack77,9
297,James75,9
298,Jon76,9
299,David77,9
300,Jack78,9
301,James76,9
302,Jon77,9
303,David78,9
304,Jack79,9
305,James77,9
306,Jon78,9
307,David79,9
308,Jack80,9
309,James78,9
310,Jon79,9
311,David80,9
312,Jack81,9
313,James79,9
314,Jon80,9
315,David81,9
316,Jack82,9
317,James80,9
318,Jon81,9
319,David82,9
320,Jack83,9
321,James81,9
322,Jon82,9
323,David83,9
324,Jack84,10
325,James82,10
326,Jon83,10
327,David84,10
328,Jack85,10
329,James83,10
330,Jon84,10
331,David85,10
332,Jack86,10
333,James84,10
334,Jon85,10
335,David86,10
336,Jack87,10
337,James85,10
338,Jon86,10
339,David87,10
340,Jack88,10
341,James86,10
342,Jon87,10
343,David88,10
344,Jack89,10
345,James87,10
346,Jon88,10
347,David89,10
348,Jack90,10
349,James88,10
350,Jon89,10
351,David90,10
352,Jack91,10
353,James89,10
354,Jon90,10
355,David91,10
356,Jack92,10
357,James90,10
358,Jon91,10
359,David92,10
360,Jack93,10
361,James91,10
362,Jon92,10
363,David93,10
364,Jack94,10
365,James92,10
366,Jon93,10
367,David94,10
368,Jack95,10
369,James93,10
370,Jon94,10
371,David95,10
372,Jack96,11
373,James94,11
374,Jon95,11
375,David96,11
376,Jack97,11
377,James95,11
378,Jon96,11
379,David97,11
380,Jack98,11
381,James96,11
382,Jon97,11
383,David98,11
384,Jack99,11
385,James97,11
386,Jon98,11
387,David99,11
388,Jack100,11
389,James98,11
390,Jon99,11
391,David100,11
392,Jack101,11
393,James99,11
394,Jon100,11
395,David101,11
396,Jack102,11
397,James100,11
398,Jon101,11
399,David102,11
400,Jack103,11
401,James101,11
402,Jon102,11
403,David103,11
404,Jack104,11
405,James102,11
406,Jon103,11
407,David104,11
408,Jack105,11
409,James103,11
410,Jon104,11
411,David105,11
412,Jack106,11
413,James104,11
414,Jon105,11
415,David106,11
416,Jack107,11
417,James105,11
418,Jon106,11
419,David107,11
420,Jack108,12
421,James106,12
422,Jon107,12
423,David108,12
424,Jack109,12
425,James107,12
426,Jon108,12
427,David109,12
428,Jack110,12
429,James108,12
430,Jon109,12
431,David110,12
432,Jack111,12
433,James109,12
434,Jon110,12
435,David111,12
436,Jack112,12
437,James110,12
438,Jon111,12
439,David112,12
440,Jack113,12
441,James111,12
442,Jon112,12
443,David113,12
444,Jack114,12
445,James112,12
446,Jon113,12
447,David114,12
448,Jack115,12
449,James113,12
450,Jon114,12
451,David115,12
452,Jack116,12
453,James114,12
454,Jon115,12
455,David116,12
456,Jack117,12
457,James115,12
458,Jon116,12
459,David117,12
460,Jack118,12
461,James116,12
462,Jon117,12
463,David118,12
464,Jack119,12
465,James117,12
466,Jon118,12
467,David119,12
468,Jack120,13
469,James118,13
470,Jon119,13
471,David120,13
472,Jack121,13
473,James119,13
474,Jon120,13
475,David121,13
476,Jack122,13
477,James120,13
478,Jon121,13
479,David122,13
480,Jack123,13
481,James121,13
482,Jon122,13
483,David123,13
484,Jack124,13
485,James122,13
486,Jon123,13
487,David124,13
488,Jack125,13
489,James123,13
490,Jon124,13
491,David125,13
492,Jack126,13
493,James124,13
494,Jon125,13
495,David126,13
496,Jack127,13
497,James125,13
498,Jon126,13
499,David127,13
500,Jack128,13
501,James126,13
502,Jon127,13
503,David128,13
504,Jack129,13
505,James127,13
506,Jon128,13
507,David129,13
508,Jack130,13
509,James128,13
510,Jon129,13
511,David130,13
512,Jack131,13
513,James129,13
514,Jon130,13
515,David131,13
516,Jack132,14
517,James130,14
518,Jon131,14
519,David132,14
520,Jack133,14
521,James131,14
522,Jon132,14
523,David133,14
524,Jack134,14
525,James132,14
526,Jon133,14
527,David134,14
528,Jack135,14
529,James133,14
530,Jon134,14
531,David135,14
532,Jack136,14
533,James134,14
534,Jon135,14
535,David136,14
536,Jack137,14
537,James135,14
538,Jon136,14
539,David137,14
540,Jack138,14
541,James136,14
542,Jon137,14
543,David138,14
544,Jack139,14
545,James137,14
546,Jon138,14
547,David139,14
548,Jack140,14
549,James138,14
550,Jon139,14
551,David140,14
552,Jack141,14
553,James139,14
554,Jon140,14
555,David141,14
556,Jack142,14
557,James140,14
558,Jon141,14
559,David142,14
560,Jack143,14
561,James141,14
562,Jon142,14
563,David143,14
564,Jack144,15
565,James142,15
566,Jon143,15
567,David144,15
568,Jack145,15
569,James143,15
570,Jon144,15
571,David145,15
572,Jack146,15
573,James144,15
574,Jon145,15
575,David146,15
576,Jack147,15
577,James145,15
578,Jon146,15
579,David147,15
580,Jack148,15
581,James146,15
582,Jon147,15
583,David148,15
584,Jack149,15
585,James147,15
586,Jon148,15
587,David149,15
588,Jack150,15
589,James148,15
590,Jon149,15
591,David150,15
592,Jack151,15
593,James149,15
594,Jon150,15
595,David151,15
596,Jack152,15
597,James150,15
598,Jon151,15
599,David152,15
600,Jack153,15
601,James151,15
602,Jon152,15
603,David153,15
604,Jack154,15
605,James152,15
606,Jon153,15
607,David154,15
608,Jack155,15
609,James153,15
610,Jon154,15
611,David155,15
612,Jack156,16
613,James154,16
614,Jon155,16
615,David156,16
616,Jack157,16
617,James155,16
618,Jon156,16
619,David157,16
620,Jack158,16
621,James156,16
622,Jon157,16
623,David158,16
624,Jack159,16
625,James157,16
626,Jon158,16
627,David159,16
628,Jack160,16
629,James158,16
630,Jon159,16
631,David160,16
632,Jack161,16
633,James159,16
634,Jon160,16
635,David161,16
636,Jack162,16
637,James160,16
638,Jon161,16
639,David162,16
640,Jack163,16
641,James161,16
642,Jon162,16
643,David163,16
644,Jack164,16
645,James162,16
646,Jon163,16
647,David164,16
648,Jack165,16
649,James163,16
650,Jon164,16
651,David165,16
652,Jack166,16
653,James164,16
654,Jon165,16
655,David166,16
656,Jack167,16
657,James165,16
658,Jon166,16
659,David167,16
660,Jack168,17
661,James166,17
662,Jon167,17
663,David168,17
664,Jack169,17
665,James167,17
666,Jon168,17
667,David169,17
668,Jack170,17
669,James168,17
670,Jon169,17
671,David170,17
672,Jack171,17
673,James169,17
674,Jon170,17
675,David171,17
676,Jack172,17
677,James170,17
678,Jon171,17
679,David172,17
680,Jack173,17
681,James171,17
682,Jon172,17
683,David173,17
684,Jack174,17
685,James172,17
686,Jon173,17
687,David174,17
688,Jack175,17
689,James173,17
690,Jon174,17
691,David175,17
692,Jack176,17
693,James174,17
694,Jon175,17
695,David176,17
696,Jack177,17
697,James175,17
698,Jon176,17
699,David177,17
700,Jack178,17
701,James176,17
702,Jon177,17
703,David178,17
704,Jack179,17
705,James177,17
706,Jon178,17
707,David179,17
708,Jack180,18
709,James178,18
710,Jon179,18
711,David180,18
712,Jack181,18
713,James179,18
714,Jon180,18
715,David181,18
716,Jack182,18
717,James180,18
718,Jon181,18
719,David182,18
720,Jack183,18
721,James181,18
722,Jon182,18
723,David183,18
724,Jack184,18
725,James182,18
726,Jon183,18
727,David184,18
728,Jack185,18
729,James183,18
730,Jon184,18
731,David185,18
732,Jack186,18
733,James184,18
734,Jon185,18
735,David186,18
736,Jack187,18
737,James185,18
738,Jon186,18
739,David187,18
740,Jack188,18
741,James186,18
742,Jon187,18
743,David188,18
744,Jack189,18
745,James187,18
746,Jon188,18
747,David189,18
748,Jack190,18
749,James188,18
750,Jon189,18
751,David190,18
752,Jack191,18
753,James189,18
754,Jon190,18
755,David191,18
756,Jack192,19
757,James190,19
758,Jon191,19
759,David192,19
760,Jack193,19
761,James191,19
762,Jon192,19
763,David193,19
764,Jack194,19
765,James192,19
766,Jon193,19
767,David194,19
768,Jack195,19
769,James193,19
770,Jon194,19
771,David195,19
772,Jack196,19
773,James194,19
774,Jon195,19
775,David196,19
776,Jack197,19
777,James195,19
778,Jon196,19
779,David197,19
780,Jack198,19
781,James196,19
782,Jon197,19
783,David198,19
784,Jack199,19
785,James197,19
786,Jon198,19
787,David199,19
788,Jack200,19
789,James198,19
790,Jon199,19
791,David200,19
792,Jack201,19
793,James199,19
794,Jon200,19
795,David201,19
796,Jack202,19
797,James200,19
798,Jon201,19
799,David202,19
800,Jack203,19
801,James201,19
802,Jon202,19
803,David203,19
804,Jack204,20
805,James202,20
806,Jon203,20
807,David204,20
808,Jack205,20
809,James203,20
810,Jon204,20
811,David205,20
812,Jack206,20
813,James204,20
814,Jon205,20
815,David206,20
816,Jack207,20
817,James205,20
818,Jon206,20
819,David207,20
820,Jack208,20
821,James206,20
822,Jon207,20
823,David208,20
824,Jack209,20
825,James207,20
826,Jon208,20
827,David209,20
828,Jack210,20
829,James208,20
830,Jon209,20
831,David210,20
832,Jack211,20
833,James209,20
834,Jon210,20
835,David211,20
836,Jack212,20
837,James210,20
838,Jon211,20
839,David212,20
840,Jack213,20
841,James211,20
842,Jon212,20
843,David213,20
844,Jack214,20
845,James212,20
846,Jon213,20
847,David214,20
848,Jack215,20
849,James213,20
850,Jon214,20
851,David215,20
852,Jack216,21
853,James214,21
854,Jon215,21
855,David216,21
856,Jack217,21
857,James215,21
858,Jon216,21
859,David217,21
860,Jack218,21
861,James216,21
862,Jon217,21
863,David218,21
864,Jack219,21
865,James217,21
866,Jon218,21
867,David219,21
868,Jack220,21
869,James218,21
870,Jon219,21
871,David220,21
872,Jack221,21
873,James219,21
874,Jon220,21
875,David221,21
876,Jack222,21
877,James220,21
878,Jon221,21
879,David222,21
880,Jack223,21
881,James221,21
882,Jon222,21
883,David223,21
884,Jack224,21
885,James222,21
886,Jon223,21
887,David224,21
888,Jack225,21
889,James223,21
890,Jon224,21
891,David225,21
892,Jack226,21
893,James224,21
894,Jon225,21
895,David226,21
896,Jack227,21
897,James225,21
898,Jon226,21
899,David227,22
900,Jack228,22
901,James226,22
902,Jon227,22
903,David228,22
904,Jack229,22
905,James227,22
906,Jon228,22
907,David229,22
908,Jack230,22
909,James228,22
910,Jon229,22
911,David230,22
912,Jack231,22
913,James229,22
914,Jon230,22
915,David231,22
916,Jack232,22
917,James230,22
918,Jon231,22
919,David232,22
920,Jack233,22
921,James231,22
922,Jon232,22
923,David233,22
924,Jack234,22
925,James232,22
926,Jon233,22
927,David234,22
928,Jack235,22
929,James233,22
930,Jon234,22
931,David235,22
932,Jack236,22
933,James234,22
934,Jon235,22
935,David236,22
936,Jack237,22
937,James235,22
938,Jon236,22
939,David237,22
940,Jack238,22
941,James236,22
942,Jon237,22
943,David238,22
944,Jack239,22
945,James237,22
946,Jon238,22
947,David239,23
948,Jack240,23
949,James238,23
950,Jon239,23
951,David240,23
952,Jack241,23
953,James239,23
954,Jon240,23
955,David241,23
956,Jack242,23
957,James240,23
958,Jon241,23
959,David242,23
960,Jack243,23
961,James241,23
962,Jon242,23
963,David243,23
964,Jack244,23
965,James242,23
966,Jon243,23
967,David244,23
968,Jack245,23
969,James243,23
970,Jon244,23
971,David245,23
972,Jack246,23
973,James244,23
974,Jon245,23
975,David246,23
976,Jack247,23
977,James245,23
978,Jon246,23
979,David247,23
980,Jack248,23
981,James246,23
982,Jon247,23
983,David248,23
984,Jack249,23
985,James247,23
986,Jon248,23
987,David249,23
988,Jack250,23
989,James248,23
990,Jon249,23
991,David250,23
992,Jack251,23
993,James249,23
994,Jon250,23
995,David251,24
996,Jack252,24
997,James250,24
998,Jon251,24
999,David252,24
1000,Jack253,24
1001,James251,24
1002,Jon252,24
1003,David253,24
1004,Jack254,24
1005,James252,24
1006,Jon253,24
1007,David254,24
1008,Jack255,24
1009,James253,24
1010,Jon254,24
1011,David255,24
1012,Jack256,24
1013,James254,24
1014,Jon255,24
1015,David256,24
1016,Jack257,24
1017,James255,24
1018,Jon256,24
1019,David257,24
1020,Jack258,24
1021,James256,24
1022,Jon257,24
1023,David258,24
1024,Jack259,24
1025,James257,24
1026,Jon258,24
1027,David259,24
1028,Jack260,24
1029,James258,24
1030,Jon259,24
1031,David260,24
1032,Jack261,24
1033,James259,24
1034,Jon260,24
1035,David261,24
1036,Jack262,24
1037,James260,24
1038,Jon261,24
1039,David262,24
1040,Jack263,24
1041,James261,24
1042,Jon262,24
1043,David263,25
1044,Jack264,25
1045,James262,25
1046,Jon263,25
1047,David264,25
1048,Jack265,25
1049,James263,25
1050,Jon264,25
1051,David265,25
1052,Jack266,25
1053,James264,25
1054,Jon265,25
1055,David266,25
1056,Jack267,25
1057,James265,25
1058,Jon266,25
1059,David267,25
1060,Jack268,25
1061,James266,25
1062,Jon267,25
1063,David268,25
1064,Jack269,25
1065,James267,25
1066,Jon268,25
1067,David269,25
1068,Jack270,25
1069,James268,25
1070,Jon269,25
1071,David270,25
1072,Jack271,25
1073,James269,25
1074,Jon270,25
1075,David271,25
1076,Jack272,25
1077,James270,25
1078,Jon271,25
1079,David272,25
1080,Jack273,25
1081,James271,25
1082,Jon272,25
1083,David273,25
1084,Jack274,25
1085,James272,25
1086,Jon273,25
1087,David274,25
1088,Jack275,25
1089,James273,25
1090,Jon274,25
1091,David275,26
1092,Jack276,26
1093,James274,26
1094,Jon275,26
1095,David276,26
1096,Jack277,26
1097,James275,26
1098,Jon276,26
1099,David277,26
1100,Jack278,26
1101,James276,26
1102,Jon277,26
1103,David278,26
1104,Jack279,26
1105,James277,26
1106,Jon278,26
1107,David279,26
1108,Jack280,26
1109,James278,26
1110,Jon279,26
1111,David280,26
1112,Jack281,26
1113,James279,26
1114,Jon280,26
1115,David281,26
1116,Jack282,26
1117,James280,26
1118,Jon281,26
1119,David282,26
1120,Jack283,26
1121,James281,26
1122,Jon282,26
1123,David283,26
1124,Jack284,26
1125,James282,26
1126,Jon283,26
1127,David284,26
1128,Jack285,26
1129,James283,26
1130,Jon284,26
1131,David285,26
1132,Jack286,26
1133,James284,26
1134,Jon285,26
1135,David286,26
1136,Jack287,26
1137,James285,26
1138,Jon286,26
1139,David287,27
1140,Jack288,27
1141,James286,27
1142,Jon287,27
1143,David288,27
1144,Jack289,27
1145,James287,27
1146,Jon288,27
1147,David289,27
1148,Jack290,27
1149,James288,27
1150,Jon289,27
1151,David290,27
1152,Jack291,27
1153,James289,27
1154,Jon290,27
1155,David291,27
1156,Jack292,27
1157,James290,27
1158,Jon291,27
1159,David292,27
1160,Jack293,27
1161,James291,27
1162,Jon292,27
1163,David293,27
1164,Jack294,27
1165,James292,27
1166,Jon293,27
1167,David294,27
1168,Jack295,27
1169,James293,27
1170,Jon294,27
1171,David295,27
1172,Jack296,27
1173,James294,27
1174,Jon295,27
1175,David296,27
1176,Jack297,27
1177,James295,27
1178,Jon296,27
1179,David297,27
1180,Jack298,27
1181,James296,27
1182,Jon297,27
1183,David298,27
1184,Jack299,27
1185,James297,27
1186,Jon298,27
1187,David299,28
1188,Jack300,28
1189,James298,28
1190,Jon299,28
1191,David300,28
1192,Jack301,28
1193,James299,28
1194,Jon300,28
1195,David301,28
1196,Jack302,28
1197,James300,28
1198,Jon301,28
1199,David302,28
1200,Jack303,28
1201,James301,28
1202,Jon302,28
1203,David303,28
1204,Jack304,28
1205,James302,28
1206,Jon303,28
1207,David304,28
1208,Jack305,28
1209,James303,28
1210,Jon304,28
1211,David305,28
1212,Jack306,28
1213,James304,28
1214,Jon305,28
1215,David306,28
1216,Jack307,28
1217,James305,28
1218,Jon306,28
1219,David307,28
1220,Jack308,28
1221,James306,28
1222,Jon307,28
1223,David308,28
1224,Jack309,28
1225,James307,28
1226,Jon308,28
1227,David309,28
1228,Jack310,28
1229,James308,28
1230,Jon309,28
1231,David310,28
1232,Jack311,28
1233,James309,28
1234,Jon310,28
1235,David311,29
1236,Jack312,29
1237,James310,29
1238,Jon311,29
1239,David312,29
1240,Jack313,29
1241,James311,29
1242,Jon312,29
1243,David313,29
1244,Jack314,29
1245,James312,29
1246,Jon313,29
1247,David314,29
1248,Jack315,29
1249,James313,29
1250,Jon314,29
1251,David315,29
1252,Jack316,29
1253,James314,29
1254,Jon315,29
1255,David316,29
1256,Jack317,29
1257,James315,29
1258,Jon316,29
1259,David317,29
1260,Jack318,29
1261,James316,29
1262,Jon317,29
1263,David318,29
1264,Jack319,29
1265,James317,29
1266,Jon318,29
1267,David319,29
1268,Jack320,29
1269,James318,29
1270,Jon319,29
1271,David320,29
1272,Jack321,29
1273,James319,29
1274,Jon320,29
1275,David321,29
1276,Jack322,29
1277,James320,29
1278,Jon321,29
1279,David322,29
1280,Jack323,29
1281,James321,29
1282,Jon322,29
1283,David323,30
1284,Jack324,30
1285,James322,30
1286,Jon323,30
1287,David324,30
1288,Jack325,30
1289,James323,30
1290,Jon324,30
1291,David325,30
1292,Jack326,30
1293,James324,30
1294,Jon325,30
1295,David326,30
1296,Jack327,30
1297,James325,30
1298,Jon326,30
1299,David327,30
1300,Jack328,30
1301,James326,30
1302,Jon327,30
1303,David328,30
1304,Jack329,30
1305,James327,30
1306,Jon328,30
1307,David329,30
1308,Jack330,30
1309,James328,30
1310,Jon329,30
1311,David330,30
1312,Jack331,30
1313,James329,30
1314,Jon330,30
1315,David331,30
1316,Jack332,30
1317,James330,30
1318,Jon331,30
1319,David332,30
1320,Jack333,30
1321,James331,30
1322,Jon332,30
1323,David333,30
1324,Jack334,30
1325,James332,30
1326,Jon333,30
1327,David334,30
1328,Jack335,30
1329,James333,30
1330,Jon334,30
1331,David335,31
1332,Jack336,31
1333,James334,31
1334,Jon335,31
1335,David336,31
1336,Jack337,31
1337,James335,31
1338,Jon336,31
1339,David337,31
1340,Jack338,31
1341,James336,31
1342,Jon337,31
1343,David338,31
1344,Jack339,31
1345,James337,31
1346,Jon338,31
1347,David339,31
1348,Jack340,31
1349,James338,31
1350,Jon339,31
1351,David340,31
1352,Jack341,31
1353,James339,31
1354,Jon340,31
1355,David341,31
1356,Jack342,31
1357,James340,31
1358,Jon341,31
1359,David342,31
1360,Jack343,31
1361,James341,31
1362,Jon342,31
1363,David343,31
1364,Jack344,31
1365,James342,31
1366,Jon343,31
1367,David344,31
1368,Jack345,31
1369,James343,31
1370,Jon344,31
1371,David345,31
1372,Jack346,31
1373,James344,31
1374,Jon345,31
1375,David346,31
1376,Jack347,31
1377,James345,31
1378,Jon346,31
1379,David347,32
1380,Jack348,32
1381,James346,32
1382,Jon347,32
1383,David348,32
1384,Jack349,32
1385,James347,32
1386,Jon348,32
1387,David349,32
1388,Jack350,32
1389,James348,32
1390,Jon349,32
1391,David350,32
1392,Jack351,32
1393,James349,32
1394,Jon350,32
1395,David351,32
1396,Jack352,32
1397,James350,32
1398,Jon351,32
1399,David352,32
1400,Jack353,32
1401,James351,32
1402,Jon352,32
1403,David353,32
1404,Jack354,32
1405,James352,32
1406,Jon353,32
1407,David354,32
1408,Jack355,32
1409,James353,32
1410,Jon354,32
1411,David355,32
1412,Jack356,32
1413,James354,32
1414,Jon355,32
1415,David356,32
1416,Jack357,32
1417,James355,32
1418,Jon356,32
1419,David357,32
1420,Jack358,32
1421,James356,32
1422,Jon357,32
1423,David358,32
1424,Jack359,32
1425,James357,32
1426,Jon358,32
1427,David359,33
1428,Jack360,33
1429,James358,33
1430,Jon359,33
1431,David360,33
1432,Jack361,33
1433,James359,33
1434,Jon360,33
1435,David361,33
1436,Jack362,33
1437,James360,33
1438,Jon361,33
1439,David362,33
1440,Jack363,33
1441,James361,33
1442,Jon362,33
1443,David363,33
1444,Jack364,33
1445,James362,33
1446,Jon363,33
1447,David364,33
1448,Jack365,33
1449,James363,33
1450,Jon364,33
1451,David365,33
1452,Jack366,33
1453,James364,33
1454,Jon365,33
1455,David366,33
1456,Jack367,33
1457,James365,33
1458,Jon366,33
1459,David367,33
1460,Jack368,33
1461,James366,33
1462,Jon367,33
1463,David368,33
1464,Jack369,33
1465,James367,33
1466,Jon368,33
1467,David369,33
1468,Jack370,33
1469,James368,33
1470,Jon369,33
1471,David370,33
1472,Jack371,33
1473,James369,33
1474,Jon370,34
1475,David371,34
1476,Jack372,34
1477,James370,34
1478,Jon371,34
1479,David372,34
1480,Jack373,34
1481,James371,34
1482,Jon372,34
1483,David373,34
1484,Jack374,34
1485,James372,34
1486,Jon373,34
1487,David374,34
1488,Jack375,34
1489,James373,34
1490,Jon374,34
1491,David375,34
1492,Jack376,34
1493,James374,34
1494,Jon375,34
1495,David376,34
1496,Jack377,34
1497,James375,34
1498,Jon376,34
1499,David377,34
1500,Jack378,34
1501,James376,34
1502,Jon377,34
1503,David378,34
1504,Jack379,34
1505,James377,34
1506,Jon378,34
1507,David379,34
1508,Jack380,34
1509,James378,34
1510,Jon379,34
1511,David380,34
1512,Jack381,34
1513,James379,34
1514,Jon380,34
1515,David381,34
1516,Jack382,34
1517,James380,34
1518,Jon381,34
1519,David382,34
1520,Jack383,34
1521,James381,34
1522,Jon382,35
1523,David383,35
1524,Jack384,35
1525,James382,35
1526,Jon383,35
1527,David384,35
1528,Jack385,35
1529,James383,35
1530,Jon384,35
1531,David385,35
1532,Jack386,35
1533,James384,35
1534,Jon385,35
1535,David386,35
1536,Jack387,35
1537,James385,35
1538,Jon386,35
1539,David387,35
1540,Jack388,35
1541,James386,35
1542,Jon387,35
1543,David388,35
1544,Jack389,35
1545,James387,35
1546,Jon388,35
1547,David389,35
1548,Jack390,35
1549,James388,35
1550,Jon389,35
1551,David390,35
1552,Jack391,35
1553,James389,35
1554,Jon390,35
1555,David391,35
1556,Jack392,35
1557,James390,35
1558,Jon391,35
1559,David392,35
1560,Jack393,35
1561,James391,35
1562,Jon392,35
1563,David393,35
1564,Jack394,35
1565,James392,35
1566,Jon393,35
1567,David394,35
1568,Jack395,35
1569,James393,35
1570,Jon394,36
1571,David395,36
1572,Jack396,36
1573,James394,36
1574,Jon395,36
1575,David396,36
1576,Jack397,36
1577,James395,36
1578,Jon396,36
1579,David397,36
1580,Jack398,36
1581,James396,36
1582,Jon397,36
1583,David398,36
1584,Jack399,36
1585,James397,36
1586,Jon398,36
1587,David399,36
1588,Jack400,36
1589,James398,36
1590,Jon399,36
1591,David400,36
1592,Jack401,36
1593,James399,36
1594,Jon400,36
1595,David401,36
1596,Jack402,36
1597,James400,36
1598,Jon401,36
1599,David402,36
1600,Jack403,36
1601,James401,36
1602,Jon402,36
1603,David403,36
1604,Jack404,36
1605,James402,36
1606,Jon403,36
1607,David404,36
1608,Jack405,36
1609,James403,36
1610,Jon404,36
1611,David405,36
1612,Jack406,36
1613,James404,36
1614,Jon405,36
1615,David406,36
1616,Jack407,36
1617,James405,36
1618,Jon406,37
1619,David407,37
1620,Jack408,37
1621,James406,37
1622,Jon407,37
1623,David408,37
1624,Jack409,37
1625,James407,37
1626,Jon408,37
1627,David409,37
1628,Jack410,37
1629,James408,37
1630,Jon409,37
1631,David410,37
1632,Jack411,37
1633,James409,37
1634,Jon410,37
1635,David411,37
1636,Jack412,37
1637,James410,37
1638,Jon411,37
1639,David412,37
1640,Jack413,37
1641,James411,37
1642,Jon412,37
1643,David413,37
1644,Jack414,37
1645,James412,37
1646,Jon413,37
1647,David414,37
1648,Jack415,37
1649,James413,37
1650,Jon414,37
1651,David415,37
1652,Jack416,37
1653,James414,37
1654,Jon415,37
1655,David416,37
1656,Jack417,37
1657,James415,37
1658,Jon416,37
1659,David417,37
1660,Jack418,37
1661,James416,37
1662,Jon417,37
1663,David418,37
1664,Jack419,37
1665,James417,37
1666,Jon418,38
1667,David419,38
1668,Jack420,38
1669,James418,38
1670,Jon419,38
1671,David420,38
1672,Jack421,38
1673,James419,38
1674,Jon420,38
1675,David421,38
1676,Jack422,38
1677,James420,38
1678,Jon421,38
1679,David422,38
1680,Jack423,38
1681,James421,38
1682,Jon422,38
1683,David423,38
1684,Jack424,38
1685,James422,38
1686,Jon423,38
1687,David424,38
1688,Jack425,38
1689,James423,38
1690,Jon424,38
1691,David425,38
1692,Jack426,38
1693,James424,38
1694,Jon425,38
1695,David426,38
1696,Jack427,38
1697,James425,38
1698,Jon426,38
1699,David427,38
1700,Jack428,38
1701,James426,38
1702,Jon427,38
1703,David428,38
1704,Jack429,38
1705,James427,38
1706,Jon428,38
1707,David429,38
1708,Jack430,38
1709,James428,38
1710,Jon429,38
1711,David430,38
1712,Jack431,38
1713,James429,38
1714,Jon430,39
1715,David431,39
1716,Jack432,39
1717,James430,39
1718,Jon431,39
1719,David432,39
1720,Jack433,39
1721,James431,39
1722,Jon432,39
1723,David433,39
1724,Jack434,39
1725,James432,39
1726,Jon433,39
1727,David434,39
1728,Jack435,39
1729,James433,39
1730,Jon434,39
1731,David435,39
1732,Jack436,39
1733,James434,39
1734,Jon435,39
1735,David436,39
1736,Jack437,39
1737,James435,39
1738,Jon436,39
1739,David437,39
1740,Jack438,39
1741,James436,39
1742,Jon437,39
1743,David438,39
1744,Jack439,39
1745,James437,39
1746,Jon438,39
1747,David439,39
1748,Jack440,39
1749,James438,39
1750,Jon439,39
1751,David440,39
1752,Jack441,39
1753,James439,39
1754,Jon440,39
1755,David441,39
1756,Jack442,39
1757,James440,39
1758,Jon441,39
1759,David442,39
1760,Jack443,39
1761,James441,39
1762,Jon442,40
1763,David443,40
1764,Jack444,40
1765,James442,40
1766,Jon443,40
1767,David444,40
1768,Jack445,40
1769,James443,40
1770,Jon444,40
1771,David445,40
1772,Jack446,40
1773,James444,40
1774,Jon445,40
1775,David446,40
1776,Jack447,40
1777,James445,40
1778,Jon446,40
1779,David447,40
1780,Jack448,40
1781,James446,40
1782,Jon447,40
1783,David448,40
1784,Jack449,40
1785,James447,40
1786,Jon448,40
1787,David449,40
1788,Jack450,40
1789,James448,40
1790,Jon449,40
1791,David450,40
1792,Jack451,40
1793,James449,40
1794,Jon450,40
1795,David451,40
1796,Jack452,40
1797,James450,40
1798,Jon451,40
1799,David452,40
1800,Jack453,40
1801,James451,40
1802,Jon452,40
1803,David453,40
1804,Jack454,40
1805,James452,40
1806,Jon453,40
1807,David454,40
1808,Jack455,40
1809,James453,40
1810,Jon454,41
1811,David455,41
1812,Jack456,41
1813,James454,41
1814,Jon455,41
1815,David456,41
1816,Jack457,41
1817,James455,41
1818,Jon456,41
1819,David457,41
1820,Jack458,41
1821,James456,41
1822,Jon457,41
1823,David458,41
1824,Jack459,41
1825,James457,41
1826,Jon458,41
1827,David459,41
1828,Jack460,41
1829,James458,41
1830,Jon459,41
1831,David460,41
1832,Jack461,41
1833,James459,41
1834,Jon460,41
1835,David461,41
1836,Jack462,41
1837,James460,41
1838,Jon461,41
1839,David462,41
1840,Jack463,41
1841,James461,41
1842,Jon462,41
1843,David463,41
1844,Jack464,41
1845,James462,41
1846,Jon463,41
1847,David464,41
1848,Jack465,41
1849,James463,41
1850,Jon464,41
1851,David465,41
1852,Jack466,41
1853,James464,41
1854,Jon465,41
1855,David466,41
1856,Jack467,41
1857,James465,41
1858,Jon466,42
1859,David467,42
1860,Jack468,42
1861,James466,42
1862,Jon467,42
1863,David468,42
1864,Jack469,42
1865,James467,42
1866,Jon468,42
1867,David469,42
1868,Jack470,42
1869,James468,42
1870,Jon469,42
1871,David470,42
1872,Jack471,42
1873,James469,42
1874,Jon470,42
1875,David471,42
1876,Jack472,42
1877,James470,42
1878,Jon471,42
1879,David472,42
1880,Jack473,42
1881,James471,42
1882,Jon472,42
1883,David473,42
1884,Jack474,42
1885,James472,42
1886,Jon473,42
1887,David474,42
1888,Jack475,42
1889,James473,42
1890,Jon474,42
1891,David475,42
1892,Jack476,42
1893,James474,42
1894,Jon475,42
1895,David476,42
1896,Jack477,42
1897,James475,42
1898,Jon476,42
1899,David477,42
1900,Jack478,42
1901,James476,42
1902,Jon477,42
1903,David478,42
1904,Jack479,42
1905,James477,42
1906,Jon478,43
1907,David479,43
1908,Jack480,43
1909,James478,43
1910,Jon479,43
1911,David480,43
1912,Jack481,43
1913,James479,43
1914,Jon480,43
1915,David481,43
1916,Jack482,43
1917,James480,43
1918,Jon481,43
1919,David482,43
1920,Jack483,43
1921,James481,43
1922,Jon482,43
1923,David483,43
1924,Jack484,43
1925,James482,43
1926,Jon483,43
1927,David484,43
1928,Jack485,43
1929,James483,43
1930,Jon484,43
1931,David485,43
1932,Jack486,43
1933,James484,43
1934,Jon485,43
1935,David486,43
1936,Jack487,43
1937,James485,43
1938,Jon486,43
1939,David487,43
1940,Jack488,43
1941,James486,43
1942,Jon487,43
1943,David488,43
1944,Jack489,43
1945,James487,43
1946,Jon488,43
1947,David489,43
1948,Jack490,43
1949,James488,43
1950,Jon489,43
1951,David490,43
1952,Jack491,43
1953,James489,43
1954,Jon490,44
1955,David491,1
1956,Jack492,5
1957,James490,1
1958,Jon491,5
1959,David492,1
1960,Jack493,5
1961,James491,1
1962,Jon492,5
1963,David493,1
1964,Jack494,5
1965,James492,1
1966,Jon493,5
1967,David494,1
1968,Jack495,5
1969,James493,1
1970,Jon494,5
1971,David495,1
1972,Jack496,5
1973,James494,1
1974,Jon495,5
1975,David496,1
1976,Jack497,5
1977,James495,1
1978,Jon496,5
1979,David497,3
1980,Jack498,3
1981,James496,3
1982,Jon497,3
1983,David498,3
1984,Jack499,3
1985,James497,3
1986,Jon498,3
1987,David499,3
1988,Jack500,3
1989,James498,3
1990,Jon499,3
1991,David500,4
1992,Jack501,4
1993,James499,4
1994,Jon500,4
1995,David501,4
1996,Jack502,4
1997,James500,4
1998,Jon501,4
1999,David502,4
2000,Jack503,4
2001,James501,4
2002,Jon502,4
2003,David503,4
2004,Jack504,4
2005,James502,4
2006,Jon503,4
2007,David504,4
2008,Jack505,4
2009,James503,4
2010,Jon504,4
2011,David505,4
2012,Jack506,4
2013,James504,4
2014,Jon505,4
2015,David506,4
2016,Jack507,4
2017,James505,4
2018,Jon506,4
2019,David507,4
2020,Jack508,4
2021,James506,4
2022,Jon507,4
2023,David508,4
2024,Jack509,4
2025,James507,4
2026,Jon508,4
2027,David509,4
2028,Jack510,4
2029,James508,4
2030,Jon509,4
2031,David510,4
2032,Jack511,4
2033,James509,4
2034,Jon510,4
2035,David511,4
2036,Jack512,4
2037,James510,4
2038,Jon511,4
2039,David512,5
2040,Jack513,5
2041,James511,5
2042,Jon512,5
2043,David513,5
2044,Jack514,5
2045,James512,5
2046,Jon513,5
2047,David514,5
2048,Jack515,5
2049,James513,5
2050,Jon514,5
2051,David515,5
2052,Jack516,5
2053,James514,5
2054,Jon515,5
2055,David516,5
2056,Jack517,5
2057,James515,5
2058,Jon516,5
2059,David517,5
2060,Jack518,5
2061,James516,5
2062,Jon517,5
2063,David518,5
2064,Jack519,5
2065,James517,5
2066,Jon518,5
2067,David519,5
2068,Jack520,5
2069,James518,5
2070,Jon519,5
2071,David520,5
2072,Jack521,5
2073,James519,5
2074,Jon520,5
2075,David521,5
2076,Jack522,5
2077,James520,5
2078,Jon521,5
2079,David522,5
2080,Jack523,5
2081,James521,46
2082,Jon522,46
2083,David523,46
2084,Jack524,46
2085,James522,46
2086,Jon523,46
2087,David524,46
2088,Jack525,46
2089,James523,46
2090,Jon524,46
2091,David525,46
2092,Jack526,46
2093,James524,46
2094,Jon525,46
2095,David526,46
2096,Jack527,46
2097,James525,47
2098,Jon526,47
2099,David527,47
2100,Jack528,47
2101,James526,47
2102,Jon527,47
2103,David528,1
2104,Jack529,5
2105,James527,1
2106,Jon528,5
2107,David529,1
2108,Jack530,5
2109,James528,1
2110,Jon529,5
2111,David530,1
2112,Jack531,5
2113,James529,1
2114,Jon530,5
2115,David531,1
2116,Jack532,5
2117,James530,1
2118,Jon531,5
2119,David532,1
2120,Jack533,5
2121,James531,1
2122,Jon532,5
2123,David533,1
2124,Jack534,5
2125,James532,1
2126,Jon533,5
2127,David534,3
2128,Jack535,3
2129,James533,3
2130,Jon534,3
2131,David535,3
2132,Jack536,3
2133,James534,3
2134,Jon535,3
2135,David536,3
2136,Jack537,3
2137,James535,3
2138,Jon536,3
2139,David537,4
2140,Jack538,4
2141,James536,4
2142,Jon537,4
2143,David538,4
2144,Jack539,4
2145,James537,4
2146,Jon538,4
2147,David539,4
2148,Jack540,4
2149,James538,4
2150,Jon539,4
2151,David540,4
2152,Jack541,4
2153,James539,4
2154,Jon540,4
2155,David541,4
2156,Jack542,4
2157,James540,4
2158,Jon541,4
2159,David542,4
2160,Jack543,4
2161,James541,4
2162,Jon542,4
2163,David543,4
2164,Jack544,4
2165,James542,4
2166,Jon543,4
2167,David544,4
2168,Jack545,4
2169,James543,4
2170,Jon544,4
2171,David545,4
2172,Jack546,4
2173,James544,4
2174,Jon545,4
2175,David546,4
2176,Jack547,4
2177,James545,4
2178,Jon546,4
2179,David547,4
2180,Jack548,4
2181,James546,4
2182,Jon547,4
2183,David548,4
2184,Jack549,4
2185,James547,4
2186,Jon548,4
2187,David549,5
2188,Jack550,5
2189,James548,5
2190,Jon549,5
2191,David550,5
2192,Jack551,5
2193,James549,5
2194,Jon550,5
2195,David551,5
2196,Jack552,5
2197,James550,5
2198,Jon551,5
2199,David552,5
2200,Jack553,5
2201,James551,5
2202,Jon552,5
2203,David553,5
2204,Jack554,5
2205,James552,5
2206,Jon553,5
2207,David554,5
2208,Jack555,5
2209,James553,5
2210,Jon554,5
2211,David555,5
2212,Jack556,5
2213,James554,5
2214,Jon555,5
2215,David556,5
2216,Jack557,5
2217,James555,5
2218,Jon556,5
2219,David557,5
2220,Jack558,5
2221,James556,5
2222,Jon557,5
2223,David558,5
2224,Jack559,5
2225,James557,5
2226,Jon558,5
2227,David559,5
2228,Jack560,5
2229,James558,49
2230,Jon559,49
2231,David560,49
2232,Jack561,49
2233,James559,49
2234,Jon560,49
2235,David561,49
2236,Jack562,49
2237,James560,49
2238,Jon561,49
2239,David562,49
2240,Jack563,49
2241,James561,50
2242,Jon562,50
2243,David563,50
2244,Jack564,50
2245,James562,50
2246,Jon563,50
2247,David564,50
2248,Jack565,50
2249,James563,50
2250,Jon564,50
2251,David565,50
2252,Jack566,50
2253,James564,50
2254,Jon565,50
2255,David566,50
2256,Jack567,50
2257,James565,50
2258,Jon566,50
2259,David567,1
2260,Jack568,5
2261,James566,1
2262,Jon567,5
2263,David568,1
2264,Jack569,5
2265,James567,1
2266,Jon568,5
2267,David569,1
2268,Jack570,5
2269,James568,1
2270,Jon569,5
2271,David570,1
2272,Jack571,5
2273,James569,1
2274,Jon570,5
2275,David571,1
2276,Jack572,5
2277,James570,1
2278,Jon571,5
2279,David572,1
2280,Jack573,5
2281,James571,1
2282,Jon572,5
2283,David573,3
2284,Jack574,3
2285,James572,3
2286,Jon573,3
2287,David574,3
2288,Jack575,3
2289,James573,3
2290,Jon574,3
2291,David575,3
2292,Jack576,3
2293,James574,3
2294,Jon575,3
2295,David576,4
2296,Jack577,4
2297,James575,4
2298,Jon576,4
2299,David577,4
2300,Jack578,4
2301,James576,4
2302,Jon577,4
2303,David578,4
2304,Jack579,4
2305,James577,4
2306,Jon578,4
2307,David579,4
2308,Jack580,4
2309,James578,4
2310,Jon579,4
2311,David580,4
2312,Jack581,4
2313,James579,4
2314,Jon580,4
2315,David581,4
2316,Jack582,4
2317,James580,4
2318,Jon581,4
2319,David582,4
2320,Jack583,4
2321,James581,4
2322,Jon582,4
2323,David583,4
2324,Jack584,4
2325,James582,4
2326,Jon583,4
2327,David584,4
2328,Jack585,4
2329,James583,4
2330,Jon584,4
2331,David585,4
2332,Jack586,4
2333,James584,4
2334,Jon585,4
2335,David586,4
2336,Jack587,4
2337,James585,4
2338,Jon586,4
2339,David587,4
2340,Jack588,4
2341,James586,4
2342,Jon587,4
2343,David588,5
2344,Jack589,5
2345,James587,5
2346,Jon588,5
2347,David589,5
2348,Jack590,5
2349,James588,5
2350,Jon589,5
2351,David590,5
2352,Jack591,5
2353,James589,5
2354,Jon590,5
2355,David591,5
2356,Jack592,5
2357,James590,5
2358,Jon591,5
2359,David592,5
2360,Jack593,5
2361,James591,5
2362,Jon592,5
2363,David593,5
2364,Jack594,5
2365,James592,5
2366,Jon593,5
2367,David594,5
2368,Jack595,5
2369,James593,5
2370,Jon594,5
2371,David595,5
2372,Jack596,5
2373,James594,5
2374,Jon595,5
2375,David596,5
2376,Jack597,5
2377,James595,5
2378,Jon596,5
2379,David597,5
2380,Jack598,5
2381,James596,5
2382,Jon597,5
2383,David598,5
2384,Jack599,5
2385,James597,53
2386,Jon598,53
2387,David599,53
2388,Jack600,53
2389,James598,53
2390,Jon599,53
2391,David600,53
2392,Jack601,53
2393,James599,53
2394,Jon600,53
2395,David601,53
2396,Jack602,53
2397,James600,53
2398,Jon601,53
2399,David602,53
2400,Jack603,53
2401,James601,53
2402,Jon602,53
2403,David603,53
2404,Jack604,53
2405,James602,53
2406,Jon603,53
2407,David604,53
2408,Jack605,53
2409,James603,53
2410,Jon604,53
2411,David605,53
2412,Jack606,53
2413,James604,53
2414,Jon605,53
2415,David606,53
2416,Jack607,53
2417,James605,53
2418,Jon606,53
2419,David607,53
2420,Jack608,53
2421,James606,53
2422,Jon607,53
2423,David608,53
2424,Jack609,53
2425,James607,53
2426,Jon608,53
2427,David609,53
2428,Jack610,53
2429,James608,53
2430,Jon609,53
2431,David610,53
2432,Jack611,53
2433,James609,54
2434,Jon610,54
2435,David611,54
2436,Jack612,54
2437,James610,54
2438,Jon611,54
2439,David612,54
2440,Jack613,54
2441,James611,54
2442,Jon612,54
2443,David613,54
2444,Jack614,54
2445,James612,54
2446,Jon613,54
2447,David614,54
2448,Jack615,54
2449,James613,54
2450,Jon614,54
2451,David615,54
2452,Jack616,54
2453,James614,54
2454,Jon615,54
2455,David616,54
2456,Jack617,54
2457,James615,54
2458,Jon616,54
2459,David617,54
2460,Jack618,54
2461,James616,54
2462,Jon617,54
2463,David618,1
2464,Jack619,5
2465,James617,1
2466,Jon618,5
2467,David619,1
2468,Jack620,5
2469,James618,1
2470,Jon619,5
2471,David620,1
2472,Jack621,5
2473,James619,1
2474,Jon620,5
2475,David621,1
2476,Jack622,5
2477,James620,1
2478,Jon621,5
2479,David622,1
2480,Jack623,5
2481,James621,1
2482,Jon622,5
2483,David623,1
2484,Jack624,5
2485,James622,1
2486,Jon623,5
2487,David624,3
2488,Jack625,3
2489,James623,3
2490,Jon624,3
2491,David625,3
2492,Jack626,3
2493,James624,3
2494,Jon625,3
2495,David626,3